index,image_path,actual_class,predicted_class,confidence
71,data/Test-A/Neutrophil/95-8-17-1_211_1.jpg,Neutrophil,Eosinophil,0.6591469645500183
128,data/Test-A/Neutrophil/95-8-17-1_280_1.jpg,Neutrophil,Lymphocyte,0.8382810950279236
193,data/Test-A/Neutrophil/95-8-17-3_121_1.jpg,Neutrophil,Lymphocyte,0.3284701108932495
194,data/Test-A/Neutrophil/95-8-17-3_127_1.jpg,Neutrophil,Lymphocyte,0.8055347204208374
200,data/Test-A/Neutrophil/95-8-17-3_138_1.jpg,Neutrophil,Monocyte,0.7093251347541809
202,data/Test-A/Neutrophil/95-8-17-3_141_1.jpg,Neutrophil,Eosinophil,0.3652913272380829
205,data/Test-A/Neutrophil/95-8-17-3_145_2.jpg,Neutrophil,Eosinophil,0.7659589052200317
206,data/Test-A/Neutrophil/95-8-17-3_146_1.jpg,Neutrophil,Eosinophil,0.6712065935134888
207,data/Test-A/Neutrophil/95-8-17-3_147_1.jpg,Neutrophil,Monocyte,0.3695339858531952
214,data/Test-A/Neutrophil/95-8-17-3_164_1.jpg,Neutrophil,Eosinophil,0.8023672103881836
242,data/Test-A/Neutrophil/95-8-17-3_204_1.jpg,Neutrophil,Eosinophil,0.8382697105407715
262,data/Test-A/Neutrophil/95-8-17-3_224_1.jpg,Neutrophil,Monocyte,0.534607470035553
266,data/Test-A/Neutrophil/95-8-17-3_228_1.jpg,Neutrophil,Eosinophil,0.9092665910720825
269,data/Test-A/Neutrophil/95-8-17-3_231_1.jpg,Neutrophil,Eosinophil,0.6132278442382812
272,data/Test-A/Neutrophil/95-8-17-3_234_1.jpg,Neutrophil,Eosinophil,0.5978783965110779
273,data/Test-A/Neutrophil/95-8-17-3_235_1.jpg,Neutrophil,Eosinophil,0.6636586785316467
283,data/Test-A/Neutrophil/95-8-17-3_245_1.jpg,Neutrophil,Eosinophil,0.9603537321090698
312,data/Test-A/Neutrophil/95-8-17-3_274_1.jpg,Neutrophil,Eosinophil,0.8016331791877747
319,data/Test-A/Neutrophil/95-8-17-3_282_2.jpg,Neutrophil,Eosinophil,0.5793295502662659
320,data/Test-A/Neutrophil/95-8-17-3_286_1.jpg,Neutrophil,Eosinophil,0.8927742838859558
326,data/Test-A/Neutrophil/95-8-17-3_291_1.jpg,Neutrophil,Eosinophil,0.8448630571365356
334,data/Test-A/Neutrophil/95-8-17-3_298_3.jpg,Neutrophil,Eosinophil,0.6900994777679443
361,data/Test-A/Neutrophil/95-8-17-3_336_2.jpg,Neutrophil,Eosinophil,0.5744808316230774
365,data/Test-A/Neutrophil/95-8-17-3_348_1.jpg,Neutrophil,Eosinophil,0.5626135468482971
370,data/Test-A/Neutrophil/95-8-17-3_354_1.jpg,Neutrophil,Eosinophil,0.8555182814598083
373,data/Test-A/Neutrophil/95-8-17-3_358_1.jpg,Neutrophil,Eosinophil,0.617504358291626
395,data/Test-A/Neutrophil/95-8-17-3_390_1.jpg,Neutrophil,Eosinophil,0.9442543983459473
417,data/Test-A/Neutrophil/95-8-17-3_67_1.jpg,Neutrophil,Eosinophil,0.9453701972961426
422,data/Test-A/Neutrophil/95-8-17-3_79_1.jpg,Neutrophil,Eosinophil,0.91558837890625
424,data/Test-A/Neutrophil/95-8-17-3_8_1.jpg,Neutrophil,Eosinophil,0.9805977940559387
428,data/Test-A/Neutrophil/95-8-17-4_108_1.jpg,Neutrophil,Eosinophil,0.9464498162269592
432,data/Test-A/Neutrophil/95-8-17-4_119_1.jpg,Neutrophil,Eosinophil,0.6563675403594971
439,data/Test-A/Neutrophil/95-8-17-4_131_1.jpg,Neutrophil,Eosinophil,0.47817540168762207
443,data/Test-A/Neutrophil/95-8-17-4_1_4.jpg,Neutrophil,Monocyte,0.33313730359077454
444,data/Test-A/Neutrophil/95-8-17-4_24_1.jpg,Neutrophil,Eosinophil,0.8744816184043884
445,data/Test-A/Neutrophil/95-8-17-4_24_3.jpg,Neutrophil,Monocyte,0.5535918474197388
447,data/Test-A/Neutrophil/95-8-17-4_30_1.jpg,Neutrophil,Monocyte,0.8546475172042847
460,data/Test-A/Neutrophil/95-8-22-1_60_2.jpg,Neutrophil,Eosinophil,0.37686747312545776
461,data/Test-A/Neutrophil/95-8-22-1_65_1.jpg,Neutrophil,Eosinophil,0.9637356996536255
471,data/Test-A/Neutrophil/95-8-22-1_99_2.jpg,Neutrophil,Eosinophil,0.5861597657203674
487,data/Test-A/Neutrophil/95-8-22-2_137_2.jpg,Neutrophil,Monocyte,0.44746720790863037
490,data/Test-A/Neutrophil/95-8-22-2_146_2.jpg,Neutrophil,Eosinophil,0.45140060782432556
493,data/Test-A/Neutrophil/95-8-22-2_15_1.jpg,Neutrophil,Eosinophil,0.8492284417152405
494,data/Test-A/Neutrophil/95-8-22-2_160_1.jpg,Neutrophil,Eosinophil,0.7959151864051819
501,data/Test-A/Neutrophil/95-8-22-2_195_2.jpg,Neutrophil,Eosinophil,0.9385296702384949
504,data/Test-A/Neutrophil/95-8-22-2_206_1.jpg,Neutrophil,Eosinophil,0.5349387526512146
510,data/Test-A/Neutrophil/95-8-22-2_234_2.jpg,Neutrophil,Eosinophil,0.5565705895423889
517,data/Test-A/Neutrophil/95-8-22-2_251_1.jpg,Neutrophil,Eosinophil,0.7131253480911255
518,data/Test-A/Neutrophil/95-8-22-2_255_2.jpg,Neutrophil,Eosinophil,0.6060852408409119
519,data/Test-A/Neutrophil/95-8-22-2_258_1.jpg,Neutrophil,Eosinophil,0.5059309005737305
521,data/Test-A/Neutrophil/95-8-22-2_269_1.jpg,Neutrophil,Eosinophil,0.9302826523780823
522,data/Test-A/Neutrophil/95-8-22-2_271_1.jpg,Neutrophil,Eosinophil,0.7437208294868469
527,data/Test-A/Neutrophil/95-8-22-2_290_1.jpg,Neutrophil,Eosinophil,0.8625637888908386
528,data/Test-A/Neutrophil/95-8-22-2_292_1.jpg,Neutrophil,Eosinophil,0.9823917746543884
529,data/Test-A/Neutrophil/95-8-22-2_301_1.jpg,Neutrophil,Lymphocyte,0.8278865814208984
531,data/Test-A/Neutrophil/95-8-22-2_307_1.jpg,Neutrophil,Eosinophil,0.6911126971244812
538,data/Test-A/Neutrophil/95-8-22-2_3_1.jpg,Neutrophil,Eosinophil,0.6153958439826965
547,data/Test-A/Neutrophil/95-8-22-2_55_3.jpg,Neutrophil,Monocyte,0.41658368706703186
557,data/Test-A/Neutrophil/95-8-22-2_6_2.jpg,Neutrophil,Eosinophil,0.616650402545929
562,data/Test-A/Neutrophil/95-8-22-2_87_1.jpg,Neutrophil,Eosinophil,0.5622885227203369
667,data/Test-A/Neutrophil/95-8-22-4_19_1.jpg,Neutrophil,Eosinophil,0.7196286916732788
683,data/Test-A/Neutrophil/95-8-22-4_54_1.jpg,Neutrophil,Basophil,0.6088925004005432
703,data/Test-A/Neutrophil/95-8-22-5_101_2.jpg,Neutrophil,Eosinophil,0.9399183988571167
704,data/Test-A/Neutrophil/95-8-22-5_108_3.jpg,Neutrophil,Eosinophil,0.6205533146858215
705,data/Test-A/Neutrophil/95-8-22-5_125_1.jpg,Neutrophil,Eosinophil,0.3881092369556427
709,data/Test-A/Neutrophil/95-8-22-5_133_1.jpg,Neutrophil,Eosinophil,0.4481904208660126
710,data/Test-A/Neutrophil/95-8-22-5_135_1.jpg,Neutrophil,Eosinophil,0.5712096095085144
711,data/Test-A/Neutrophil/95-8-22-5_136_1.jpg,Neutrophil,Eosinophil,0.5298133492469788
717,data/Test-A/Neutrophil/95-8-22-5_152_1.jpg,Neutrophil,Eosinophil,0.7353714108467102
722,data/Test-A/Neutrophil/95-8-22-5_162_1.jpg,Neutrophil,Eosinophil,0.5257957577705383
725,data/Test-A/Neutrophil/95-8-22-5_18_1.jpg,Neutrophil,Eosinophil,0.6469330191612244
726,data/Test-A/Neutrophil/95-8-22-5_24_2.jpg,Neutrophil,Eosinophil,0.9963750243186951
727,data/Test-A/Neutrophil/95-8-22-5_29_1.jpg,Neutrophil,Eosinophil,0.4921843111515045
728,data/Test-A/Neutrophil/95-8-22-5_32_2.jpg,Neutrophil,Eosinophil,0.5987531542778015
732,data/Test-A/Neutrophil/95-8-22-5_46_1.jpg,Neutrophil,Eosinophil,0.857736349105835
735,data/Test-A/Neutrophil/95-8-22-5_52_4.jpg,Neutrophil,Eosinophil,0.630985677242279
745,data/Test-A/Neutrophil/95-8-22-5_71_1.jpg,Neutrophil,Basophil,0.5571960806846619
746,data/Test-A/Neutrophil/95-8-22-5_71_2.jpg,Neutrophil,Eosinophil,0.8834694623947144
747,data/Test-A/Neutrophil/95-8-22-5_72_1.jpg,Neutrophil,Eosinophil,0.9999878406524658
748,data/Test-A/Neutrophil/95-8-22-5_74_1.jpg,Neutrophil,Eosinophil,0.9759837985038757
749,data/Test-A/Neutrophil/95-8-22-5_74_2.jpg,Neutrophil,Eosinophil,0.6859192252159119
750,data/Test-A/Neutrophil/95-8-22-5_76_1.jpg,Neutrophil,Eosinophil,0.6037253141403198
800,data/Test-A/Neutrophil/95-8-27-1_102_3.jpg,Neutrophil,Eosinophil,0.9659748673439026
801,data/Test-A/Neutrophil/95-8-27-1_104_1.jpg,Neutrophil,Eosinophil,0.9102919697761536
802,data/Test-A/Neutrophil/95-8-27-1_105_4.jpg,Neutrophil,Eosinophil,0.6939513087272644
803,data/Test-A/Neutrophil/95-8-27-1_106_1.jpg,Neutrophil,Eosinophil,0.9914053678512573
806,data/Test-A/Neutrophil/95-8-27-1_108_2.jpg,Neutrophil,Eosinophil,0.9995422959327698
807,data/Test-A/Neutrophil/95-8-27-1_108_3.jpg,Neutrophil,Eosinophil,0.991847038269043
808,data/Test-A/Neutrophil/95-8-27-1_111_1.jpg,Neutrophil,Eosinophil,0.9681776762008667
809,data/Test-A/Neutrophil/95-8-27-1_111_2.jpg,Neutrophil,Eosinophil,0.973520040512085
811,data/Test-A/Neutrophil/95-8-27-1_112_1.jpg,Neutrophil,Eosinophil,0.837290346622467
812,data/Test-A/Neutrophil/95-8-27-1_114_3.jpg,Neutrophil,Eosinophil,0.7802043557167053
813,data/Test-A/Neutrophil/95-8-27-1_118_4.jpg,Neutrophil,Eosinophil,0.9915416836738586
814,data/Test-A/Neutrophil/95-8-27-1_121_8.jpg,Neutrophil,Eosinophil,0.9473636746406555
815,data/Test-A/Neutrophil/95-8-27-1_121_9.jpg,Neutrophil,Eosinophil,0.9515838027000427
819,data/Test-A/Neutrophil/95-8-27-1_126_2.jpg,Neutrophil,Eosinophil,0.5560584664344788
820,data/Test-A/Neutrophil/95-8-27-1_126_5.jpg,Neutrophil,Eosinophil,0.6306595802307129
821,data/Test-A/Neutrophil/95-8-27-1_127_4.jpg,Neutrophil,Eosinophil,0.7668640613555908
822,data/Test-A/Neutrophil/95-8-27-1_130_2.jpg,Neutrophil,Eosinophil,0.9186239242553711
823,data/Test-A/Neutrophil/95-8-27-1_131_1.jpg,Neutrophil,Eosinophil,0.9380437135696411
824,data/Test-A/Neutrophil/95-8-27-1_132_2.jpg,Neutrophil,Eosinophil,0.9298943877220154
826,data/Test-A/Neutrophil/95-8-27-1_134_1.jpg,Neutrophil,Eosinophil,0.8992406129837036
829,data/Test-A/Neutrophil/95-8-27-1_142_4.jpg,Neutrophil,Eosinophil,0.9686815738677979
833,data/Test-A/Neutrophil/95-8-27-1_146_6.jpg,Neutrophil,Eosinophil,0.9788331389427185
834,data/Test-A/Neutrophil/95-8-27-1_147_3.jpg,Neutrophil,Eosinophil,0.9891065955162048
835,data/Test-A/Neutrophil/95-8-27-1_148_4.jpg,Neutrophil,Eosinophil,0.9879571795463562
836,data/Test-A/Neutrophil/95-8-27-1_149_1.jpg,Neutrophil,Eosinophil,0.6236292123794556
837,data/Test-A/Neutrophil/95-8-27-1_151_5.jpg,Neutrophil,Eosinophil,0.9930278658866882
838,data/Test-A/Neutrophil/95-8-27-1_153_2.jpg,Neutrophil,Eosinophil,0.9324352741241455
840,data/Test-A/Neutrophil/95-8-27-1_156_2.jpg,Neutrophil,Eosinophil,0.6462146043777466
842,data/Test-A/Neutrophil/95-8-27-1_157_3.jpg,Neutrophil,Eosinophil,0.9705890417098999
844,data/Test-A/Neutrophil/95-8-27-1_159_9.jpg,Neutrophil,Eosinophil,0.9304271936416626
845,data/Test-A/Neutrophil/95-8-27-1_160_6.jpg,Neutrophil,Eosinophil,0.9697586297988892
846,data/Test-A/Neutrophil/95-8-27-1_160_8.jpg,Neutrophil,Eosinophil,0.9961559176445007
847,data/Test-A/Neutrophil/95-8-27-1_161_1.jpg,Neutrophil,Eosinophil,0.9570673108100891
849,data/Test-A/Neutrophil/95-8-27-1_164_1.jpg,Neutrophil,Eosinophil,0.8062639236450195
851,data/Test-A/Neutrophil/95-8-27-1_170_4.jpg,Neutrophil,Eosinophil,0.6641830801963806
852,data/Test-A/Neutrophil/95-8-27-1_172_5.jpg,Neutrophil,Eosinophil,0.9709094166755676
861,data/Test-A/Neutrophil/95-8-27-1_184_2.jpg,Neutrophil,Eosinophil,0.952917218208313
866,data/Test-A/Neutrophil/95-8-27-1_191_3.jpg,Neutrophil,Lymphocyte,0.3822706341743469
867,data/Test-A/Neutrophil/95-8-27-1_192_1.jpg,Neutrophil,Eosinophil,0.38917896151542664
869,data/Test-A/Neutrophil/95-8-27-1_1_1.jpg,Neutrophil,Monocyte,0.5801839828491211
874,data/Test-A/Neutrophil/95-8-27-1_205_1.jpg,Neutrophil,Eosinophil,0.9880136847496033
875,data/Test-A/Neutrophil/95-8-27-1_207_4.jpg,Neutrophil,Eosinophil,0.9970313310623169
877,data/Test-A/Neutrophil/95-8-27-1_208_4.jpg,Neutrophil,Eosinophil,0.8867271542549133
878,data/Test-A/Neutrophil/95-8-27-1_209_4.jpg,Neutrophil,Eosinophil,0.9974669218063354
881,data/Test-A/Neutrophil/95-8-27-1_210_5.jpg,Neutrophil,Eosinophil,0.9643726348876953
882,data/Test-A/Neutrophil/95-8-27-1_210_9.jpg,Neutrophil,Eosinophil,0.9792183041572571
883,data/Test-A/Neutrophil/95-8-27-1_211_3.jpg,Neutrophil,Eosinophil,0.8077749609947205
885,data/Test-A/Neutrophil/95-8-27-1_215_5.jpg,Neutrophil,Eosinophil,0.9928015470504761
886,data/Test-A/Neutrophil/95-8-27-1_216_1.jpg,Neutrophil,Eosinophil,0.995627760887146
887,data/Test-A/Neutrophil/95-8-27-1_218_1.jpg,Neutrophil,Eosinophil,0.9566956758499146
888,data/Test-A/Neutrophil/95-8-27-1_219_6.jpg,Neutrophil,Eosinophil,0.9986952543258667
890,data/Test-A/Neutrophil/95-8-27-1_221_2.jpg,Neutrophil,Eosinophil,0.9913454055786133
891,data/Test-A/Neutrophil/95-8-27-1_222_7.jpg,Neutrophil,Eosinophil,0.9309110641479492
892,data/Test-A/Neutrophil/95-8-27-1_223_3.jpg,Neutrophil,Eosinophil,0.8603707551956177
893,data/Test-A/Neutrophil/95-8-27-1_223_9.jpg,Neutrophil,Lymphocyte,0.7883501648902893
896,data/Test-A/Neutrophil/95-8-27-1_225_3.jpg,Neutrophil,Eosinophil,0.9908616542816162
897,data/Test-A/Neutrophil/95-8-27-1_229_2.jpg,Neutrophil,Eosinophil,0.5166869759559631
901,data/Test-A/Neutrophil/95-8-27-1_232_3.jpg,Neutrophil,Eosinophil,0.8973299860954285
903,data/Test-A/Neutrophil/95-8-27-1_233_1.jpg,Neutrophil,Eosinophil,0.9917054176330566
904,data/Test-A/Neutrophil/95-8-27-1_233_3.jpg,Neutrophil,Eosinophil,0.6110246181488037
905,data/Test-A/Neutrophil/95-8-27-1_235_1.jpg,Neutrophil,Eosinophil,0.9776909351348877
906,data/Test-A/Neutrophil/95-8-27-1_235_2.jpg,Neutrophil,Eosinophil,0.9606033563613892
907,data/Test-A/Neutrophil/95-8-27-1_235_5.jpg,Neutrophil,Eosinophil,0.8869059085845947
909,data/Test-A/Neutrophil/95-8-27-1_23_3.jpg,Neutrophil,Eosinophil,0.8279083967208862
911,data/Test-A/Neutrophil/95-8-27-1_240_2.jpg,Neutrophil,Eosinophil,0.9213745594024658
913,data/Test-A/Neutrophil/95-8-27-1_244_3.jpg,Neutrophil,Eosinophil,0.9977224469184875
914,data/Test-A/Neutrophil/95-8-27-1_245_1.jpg,Neutrophil,Eosinophil,0.9743186831474304
915,data/Test-A/Neutrophil/95-8-27-1_248_2.jpg,Neutrophil,Eosinophil,0.9327436089515686
916,data/Test-A/Neutrophil/95-8-27-1_251_2.jpg,Neutrophil,Lymphocyte,0.732872486114502
917,data/Test-A/Neutrophil/95-8-27-1_252_3.jpg,Neutrophil,Eosinophil,0.6958683133125305
918,data/Test-A/Neutrophil/95-8-27-1_256_2.jpg,Neutrophil,Eosinophil,0.9585476517677307
919,data/Test-A/Neutrophil/95-8-27-1_257_2.jpg,Neutrophil,Eosinophil,0.6762509346008301
922,data/Test-A/Neutrophil/95-8-27-1_261_3.jpg,Neutrophil,Eosinophil,0.9549532532691956
924,data/Test-A/Neutrophil/95-8-27-1_270_2.jpg,Neutrophil,Eosinophil,0.8458384871482849
925,data/Test-A/Neutrophil/95-8-27-1_274_1.jpg,Neutrophil,Eosinophil,0.9334797263145447
926,data/Test-A/Neutrophil/95-8-27-1_274_3.jpg,Neutrophil,Eosinophil,0.987958550453186
927,data/Test-A/Neutrophil/95-8-27-1_275_3.jpg,Neutrophil,Eosinophil,0.9957923889160156
928,data/Test-A/Neutrophil/95-8-27-1_277_4.jpg,Neutrophil,Eosinophil,0.9708042740821838
929,data/Test-A/Neutrophil/95-8-27-1_278_1.jpg,Neutrophil,Eosinophil,0.9937353134155273
930,data/Test-A/Neutrophil/95-8-27-1_279_1.jpg,Neutrophil,Lymphocyte,0.9090312719345093
931,data/Test-A/Neutrophil/95-8-27-1_279_6.jpg,Neutrophil,Eosinophil,0.9868274927139282
934,data/Test-A/Neutrophil/95-8-27-1_280_7.jpg,Neutrophil,Eosinophil,0.8044317960739136
935,data/Test-A/Neutrophil/95-8-27-1_283_3.jpg,Neutrophil,Eosinophil,0.8782128095626831
936,data/Test-A/Neutrophil/95-8-27-1_284_3.jpg,Neutrophil,Eosinophil,0.9158594608306885
937,data/Test-A/Neutrophil/95-8-27-1_284_5.jpg,Neutrophil,Eosinophil,0.99688321352005
938,data/Test-A/Neutrophil/95-8-27-1_284_7.jpg,Neutrophil,Eosinophil,0.9586061239242554
941,data/Test-A/Neutrophil/95-8-27-1_285_7.jpg,Neutrophil,Eosinophil,0.7990430593490601
942,data/Test-A/Neutrophil/95-8-27-1_286_5.jpg,Neutrophil,Eosinophil,0.9577890634536743
944,data/Test-A/Neutrophil/95-8-27-1_289_5.jpg,Neutrophil,Eosinophil,0.9773867130279541
945,data/Test-A/Neutrophil/95-8-27-1_289_7.jpg,Neutrophil,Eosinophil,0.9964942336082458
946,data/Test-A/Neutrophil/95-8-27-1_28_3.jpg,Neutrophil,Eosinophil,0.8216567635536194
948,data/Test-A/Neutrophil/95-8-27-1_292_3.jpg,Neutrophil,Eosinophil,0.9544311761856079
950,data/Test-A/Neutrophil/95-8-27-1_296_2.jpg,Neutrophil,Eosinophil,0.9833292961120605
955,data/Test-A/Neutrophil/95-8-27-1_311_3.jpg,Neutrophil,Eosinophil,0.8768132328987122
956,data/Test-A/Neutrophil/95-8-27-1_312_4.jpg,Neutrophil,Eosinophil,0.9864281415939331
957,data/Test-A/Neutrophil/95-8-27-1_314_1.jpg,Neutrophil,Eosinophil,0.8143371939659119
959,data/Test-A/Neutrophil/95-8-27-1_318_1.jpg,Neutrophil,Eosinophil,0.9793840050697327
960,data/Test-A/Neutrophil/95-8-27-1_31_3.jpg,Neutrophil,Eosinophil,0.5097467303276062
961,data/Test-A/Neutrophil/95-8-27-1_321_3.jpg,Neutrophil,Eosinophil,0.5763107538223267
962,data/Test-A/Neutrophil/95-8-27-1_323_4.jpg,Neutrophil,Eosinophil,0.9175019264221191
963,data/Test-A/Neutrophil/95-8-27-1_323_7.jpg,Neutrophil,Eosinophil,0.9725821614265442
965,data/Test-A/Neutrophil/95-8-27-1_32_4.jpg,Neutrophil,Eosinophil,0.8968081474304199
966,data/Test-A/Neutrophil/95-8-27-1_330_2.jpg,Neutrophil,Eosinophil,0.7337103486061096
967,data/Test-A/Neutrophil/95-8-27-1_332_4.jpg,Neutrophil,Eosinophil,0.9979314804077148
968,data/Test-A/Neutrophil/95-8-27-1_337_4.jpg,Neutrophil,Eosinophil,0.9331138134002686
969,data/Test-A/Neutrophil/95-8-27-1_338_4.jpg,Neutrophil,Eosinophil,0.5178044438362122
971,data/Test-A/Neutrophil/95-8-27-1_340_2.jpg,Neutrophil,Eosinophil,0.9988502264022827
972,data/Test-A/Neutrophil/95-8-27-1_341_2.jpg,Neutrophil,Eosinophil,0.9921040534973145
974,data/Test-A/Neutrophil/95-8-27-1_34_1.jpg,Neutrophil,Eosinophil,0.9951982498168945
975,data/Test-A/Neutrophil/95-8-27-1_350_4.jpg,Neutrophil,Eosinophil,0.964199960231781
976,data/Test-A/Neutrophil/95-8-27-1_351_2.jpg,Neutrophil,Eosinophil,0.7428973913192749
977,data/Test-A/Neutrophil/95-8-27-1_354_2.jpg,Neutrophil,Eosinophil,0.4449063539505005
978,data/Test-A/Neutrophil/95-8-27-1_358_1.jpg,Neutrophil,Eosinophil,0.6998313069343567
979,data/Test-A/Neutrophil/95-8-27-1_359_1.jpg,Neutrophil,Eosinophil,0.5500395894050598
980,data/Test-A/Neutrophil/95-8-27-1_363_4.jpg,Neutrophil,Eosinophil,0.9871429800987244
981,data/Test-A/Neutrophil/95-8-27-1_367_1.jpg,Neutrophil,Eosinophil,0.9817856550216675
982,data/Test-A/Neutrophil/95-8-27-1_369_6.jpg,Neutrophil,Eosinophil,0.6276666522026062
985,data/Test-A/Neutrophil/95-8-27-1_371_1.jpg,Neutrophil,Eosinophil,0.6214163303375244
986,data/Test-A/Neutrophil/95-8-27-1_371_2.jpg,Neutrophil,Eosinophil,0.9651550054550171
987,data/Test-A/Neutrophil/95-8-27-1_371_3.jpg,Neutrophil,Eosinophil,0.44611865282058716
988,data/Test-A/Neutrophil/95-8-27-1_378_2.jpg,Neutrophil,Eosinophil,0.6554077863693237
989,data/Test-A/Neutrophil/95-8-27-1_378_5.jpg,Neutrophil,Eosinophil,0.9427489042282104
990,data/Test-A/Neutrophil/95-8-27-1_37_1.jpg,Neutrophil,Eosinophil,0.9857815504074097
992,data/Test-A/Neutrophil/95-8-27-1_380_1.jpg,Neutrophil,Eosinophil,0.9708223342895508
993,data/Test-A/Neutrophil/95-8-27-1_386_3.jpg,Neutrophil,Eosinophil,0.9963363409042358
994,data/Test-A/Neutrophil/95-8-27-1_392_3.jpg,Neutrophil,Eosinophil,0.9940967559814453
995,data/Test-A/Neutrophil/95-8-27-1_394_1.jpg,Neutrophil,Eosinophil,0.8413066267967224
999,data/Test-A/Neutrophil/95-8-27-1_402_2.jpg,Neutrophil,Eosinophil,0.8966297507286072
1001,data/Test-A/Neutrophil/95-8-27-1_403_7.jpg,Neutrophil,Eosinophil,0.9363337755203247
1002,data/Test-A/Neutrophil/95-8-27-1_405_2.jpg,Neutrophil,Eosinophil,0.7067961096763611
1004,data/Test-A/Neutrophil/95-8-27-1_405_6.jpg,Neutrophil,Eosinophil,0.9995180368423462
1005,data/Test-A/Neutrophil/95-8-27-1_408_1.jpg,Neutrophil,Eosinophil,0.7831226587295532
1007,data/Test-A/Neutrophil/95-8-27-1_416_4.jpg,Neutrophil,Eosinophil,0.9167455434799194
1011,data/Test-A/Neutrophil/95-8-27-1_42_3.jpg,Neutrophil,Eosinophil,0.997199535369873
1012,data/Test-A/Neutrophil/95-8-27-1_438_5.jpg,Neutrophil,Eosinophil,0.9163441061973572
1013,data/Test-A/Neutrophil/95-8-27-1_438_6.jpg,Neutrophil,Eosinophil,0.963519275188446
1014,data/Test-A/Neutrophil/95-8-27-1_445_1.jpg,Neutrophil,Eosinophil,0.9876899719238281
1015,data/Test-A/Neutrophil/95-8-27-1_44_4.jpg,Neutrophil,Eosinophil,0.875645637512207
1021,data/Test-A/Neutrophil/95-8-27-1_464_7.jpg,Neutrophil,Eosinophil,0.9800997376441956
1023,data/Test-A/Neutrophil/95-8-27-1_467_3.jpg,Neutrophil,Eosinophil,0.8325650095939636
1028,data/Test-A/Neutrophil/95-8-27-1_483_2.jpg,Neutrophil,Eosinophil,0.7964226007461548
1029,data/Test-A/Neutrophil/95-8-27-1_48_4.jpg,Neutrophil,Eosinophil,0.9983032941818237
1030,data/Test-A/Neutrophil/95-8-27-1_496_1.jpg,Neutrophil,Eosinophil,0.914053201675415
1031,data/Test-A/Neutrophil/95-8-27-1_499_2.jpg,Neutrophil,Eosinophil,0.8336355686187744
1032,data/Test-A/Neutrophil/95-8-27-1_49_3.jpg,Neutrophil,Eosinophil,0.7853946685791016
1033,data/Test-A/Neutrophil/95-8-27-1_504_1.jpg,Neutrophil,Eosinophil,0.5499557852745056
1034,data/Test-A/Neutrophil/95-8-27-1_505_4.jpg,Neutrophil,Eosinophil,0.9962055683135986
1035,data/Test-A/Neutrophil/95-8-27-1_509_1.jpg,Neutrophil,Lymphocyte,0.9226038455963135
1041,data/Test-A/Neutrophil/95-8-27-1_5_1.jpg,Neutrophil,Eosinophil,0.9919970631599426
1042,data/Test-A/Neutrophil/95-8-27-1_60_5.jpg,Neutrophil,Eosinophil,0.5356127619743347
1046,data/Test-A/Neutrophil/95-8-27-1_6_1.jpg,Neutrophil,Eosinophil,0.9233346581459045
1047,data/Test-A/Neutrophil/95-8-27-1_6_4.jpg,Neutrophil,Eosinophil,0.9458258748054504
1048,data/Test-A/Neutrophil/95-8-27-1_70_5.jpg,Neutrophil,Eosinophil,0.7096363306045532
1049,data/Test-A/Neutrophil/95-8-27-1_74_1.jpg,Neutrophil,Eosinophil,0.5457054376602173
1054,data/Test-A/Neutrophil/95-8-27-1_87_1.jpg,Neutrophil,Eosinophil,0.991146981716156
1055,data/Test-A/Neutrophil/95-8-27-1_8_4.jpg,Neutrophil,Eosinophil,0.9847149848937988
1056,data/Test-A/Neutrophil/95-8-27-1_91_1.jpg,Neutrophil,Eosinophil,0.9399334192276001
1057,data/Test-A/Neutrophil/95-8-27-1_93_4.jpg,Neutrophil,Eosinophil,0.8465765118598938
1059,data/Test-A/Neutrophil/95-8-27-1_94_2.jpg,Neutrophil,Eosinophil,0.98533695936203
1061,data/Test-A/Neutrophil/95-8-27-1_95_4.jpg,Neutrophil,Eosinophil,0.5880402326583862
1062,data/Test-A/Neutrophil/95-8-27-1_98_7.jpg,Neutrophil,Eosinophil,0.9871464967727661
1063,data/Test-A/Neutrophil/95-8-27-1_98_8.jpg,Neutrophil,Eosinophil,0.955183207988739
1122,data/Test-A/Neutrophil/95-8-6-1_138_1.jpg,Neutrophil,Lymphocyte,0.9706088304519653
1137,data/Test-A/Neutrophil/95-8-6-1_147_2.jpg,Neutrophil,Lymphocyte,0.9859815239906311
1198,data/Test-A/Neutrophil/95-8-6-1_180_2.jpg,Neutrophil,Lymphocyte,0.9810909032821655
1276,data/Test-A/Neutrophil/95-8-6-1_232_1.jpg,Neutrophil,Lymphocyte,0.7191072106361389
1289,data/Test-A/Neutrophil/95-8-6-1_244_1.jpg,Neutrophil,Basophil,0.6558953523635864
1326,data/Test-A/Neutrophil/95-8-6-1_291_1.jpg,Neutrophil,Lymphocyte,0.577220618724823
1823,data/Test-A/Neutrophil/95-9-1-1_48_1.jpg,Neutrophil,Lymphocyte,0.6606404185295105
1826,data/Test-A/Neutrophil/95-9-1-1_54_1.jpg,Neutrophil,Eosinophil,0.6185283064842224
1832,data/Test-A/Neutrophil/95-9-1-1_63_1.jpg,Neutrophil,Lymphocyte,0.347400426864624
1846,data/Test-A/Neutrophil/95-9-1-1_90_1.jpg,Neutrophil,Eosinophil,0.34273821115493774
1856,data/Test-A/Neutrophil/95-9-1-2_107_1.jpg,Neutrophil,Eosinophil,0.9066491723060608
1857,data/Test-A/Neutrophil/95-9-1-2_109_1.jpg,Neutrophil,Eosinophil,0.9945954084396362
1858,data/Test-A/Neutrophil/95-9-1-2_109_2.jpg,Neutrophil,Eosinophil,0.9739145040512085
1860,data/Test-A/Neutrophil/95-9-1-2_110_2.jpg,Neutrophil,Monocyte,0.4320053458213806
1863,data/Test-A/Neutrophil/95-9-1-2_115_1.jpg,Neutrophil,Eosinophil,0.8187399506568909
1903,data/Test-A/Neutrophil/95-9-1-2_164_1.jpg,Neutrophil,Lymphocyte,0.337129145860672
1914,data/Test-A/Neutrophil/95-9-1-2_181_1.jpg,Neutrophil,Eosinophil,0.7030642032623291
1943,data/Test-A/Neutrophil/95-9-1-2_235_1.jpg,Neutrophil,Lymphocyte,0.32536372542381287
1980,data/Test-A/Neutrophil/95-9-1-2_295_1.jpg,Neutrophil,Eosinophil,0.6625052094459534
1985,data/Test-A/Neutrophil/95-9-1-2_314_2.jpg,Neutrophil,Monocyte,0.4525178372859955
1988,data/Test-A/Neutrophil/95-9-1-2_31_1.jpg,Neutrophil,Lymphocyte,0.5520057082176208
2007,data/Test-A/Neutrophil/95-9-1-2_356_2.jpg,Neutrophil,Lymphocyte,0.8562133312225342
2012,data/Test-A/Neutrophil/95-9-1-2_368_2.jpg,Neutrophil,Lymphocyte,0.826301097869873
2015,data/Test-A/Neutrophil/95-9-1-2_372_6.jpg,Neutrophil,Lymphocyte,0.584368109703064
2020,data/Test-A/Neutrophil/95-9-1-2_380_1.jpg,Neutrophil,Lymphocyte,0.9478720426559448
2039,data/Test-A/Neutrophil/95-9-1-2_61_1.jpg,Neutrophil,Eosinophil,0.9222104549407959
2083,data/Test-A/Neutrophil/95-9-1-3_27_1.jpg,Neutrophil,Eosinophil,0.5839750170707703
2086,data/Test-A/Neutrophil/95-9-1-3_31_1.jpg,Neutrophil,Lymphocyte,0.45106208324432373
2122,data/Test-A/Neutrophil/95-9-3-1_132_1.jpg,Neutrophil,Eosinophil,0.8996017575263977
2123,data/Test-A/Neutrophil/95-9-3-1_132_2.jpg,Neutrophil,Eosinophil,0.6857697367668152
2129,data/Test-A/Neutrophil/95-9-3-1_142_1.jpg,Neutrophil,Eosinophil,0.9772726893424988
2131,data/Test-A/Neutrophil/95-9-3-1_149_4.jpg,Neutrophil,Monocyte,0.780594527721405
2132,data/Test-A/Neutrophil/95-9-3-1_150_12.jpg,Neutrophil,Eosinophil,0.9383206963539124
2142,data/Test-A/Neutrophil/95-9-3-1_16_1.jpg,Neutrophil,Lymphocyte,0.4541740417480469
2169,data/Test-A/Neutrophil/95-9-3-1_64_1.jpg,Neutrophil,Eosinophil,0.6594920754432678
2171,data/Test-A/Neutrophil/95-9-3-1_74_1.jpg,Neutrophil,Monocyte,0.6226776242256165
2180,data/Test-A/Neutrophil/95-9-3-1_84_2.jpg,Neutrophil,Eosinophil,0.4209349453449249
2188,data/Test-A/Neutrophil/95-9-3-1_95_2.jpg,Neutrophil,Eosinophil,0.6630827784538269
2229,data/Test-A/Neutrophil/95-9-3-2_149_1.jpg,Neutrophil,Eosinophil,0.507145881652832
2231,data/Test-A/Neutrophil/95-9-3-2_153_1.jpg,Neutrophil,Eosinophil,0.912606954574585
2245,data/Test-A/Neutrophil/95-9-3-2_172_1.jpg,Neutrophil,Eosinophil,0.8786816000938416
2264,data/Test-A/Neutrophil/95-9-3-2_49_1.jpg,Neutrophil,Eosinophil,0.8858382105827332
2291,data/Test-A/Neutrophil/95-9-3-2_80_1.jpg,Neutrophil,Eosinophil,0.5713673233985901
2677,data/Test-A/Lymphocyte/95-8-12-5_104_1.jpg,Lymphocyte,Eosinophil,0.7952864766120911
2708,data/Test-A/Lymphocyte/95-8-17-1_153_1.jpg,Lymphocyte,Monocyte,0.36257195472717285
2741,data/Test-A/Lymphocyte/95-8-17-1_241_1.jpg,Lymphocyte,Monocyte,0.42678800225257874
2746,data/Test-A/Lymphocyte/95-8-17-1_251_2.jpg,Lymphocyte,Monocyte,0.8022317886352539
2772,data/Test-A/Lymphocyte/95-8-17-1_65_1.jpg,Lymphocyte,Monocyte,0.8299818634986877
2803,data/Test-A/Lymphocyte/95-8-17-3_144_1.jpg,Lymphocyte,Basophil,0.9549485445022583
2807,data/Test-A/Lymphocyte/95-8-17-3_156_1.jpg,Lymphocyte,Monocyte,0.5831161141395569
2811,data/Test-A/Lymphocyte/95-8-17-3_161_2.jpg,Lymphocyte,Monocyte,0.6439045071601868
2817,data/Test-A/Lymphocyte/95-8-17-3_180_1.jpg,Lymphocyte,Basophil,0.9204846024513245
2822,data/Test-A/Lymphocyte/95-8-17-3_209_3.jpg,Lymphocyte,Monocyte,0.622028648853302
2838,data/Test-A/Lymphocyte/95-8-17-3_281_1.jpg,Lymphocyte,Monocyte,0.6399054527282715
2857,data/Test-A/Lymphocyte/95-8-17-3_36_2.jpg,Lymphocyte,Monocyte,0.5466004014015198
2876,data/Test-A/Lymphocyte/95-8-17-3_68_1.jpg,Lymphocyte,Basophil,0.42416518926620483
2877,data/Test-A/Lymphocyte/95-8-17-3_69_1.jpg,Lymphocyte,Monocyte,0.6236118078231812
2879,data/Test-A/Lymphocyte/95-8-17-3_70_1.jpg,Lymphocyte,Monocyte,0.515052080154419
2881,data/Test-A/Lymphocyte/95-8-17-3_73_2.jpg,Lymphocyte,Monocyte,0.5873986482620239
2883,data/Test-A/Lymphocyte/95-8-17-3_78_1.jpg,Lymphocyte,Monocyte,0.6837796568870544
2912,data/Test-A/Lymphocyte/95-8-17-4_29_1.jpg,Lymphocyte,Monocyte,0.648505449295044
2951,data/Test-A/Lymphocyte/95-8-22-1_85_2.jpg,Lymphocyte,Monocyte,0.7039674520492554
2969,data/Test-A/Lymphocyte/95-8-22-2_244_1.jpg,Lymphocyte,Monocyte,0.8189888596534729
2973,data/Test-A/Lymphocyte/95-8-22-2_275_1.jpg,Lymphocyte,Basophil,0.4432412385940552
2976,data/Test-A/Lymphocyte/95-8-22-2_292_2.jpg,Lymphocyte,Monocyte,0.5105276703834534
2986,data/Test-A/Lymphocyte/95-8-22-2_54_2.jpg,Lymphocyte,Monocyte,0.5457475781440735
3008,data/Test-A/Lymphocyte/95-8-22-3_136_2.jpg,Lymphocyte,Basophil,0.8021151423454285
3009,data/Test-A/Lymphocyte/95-8-22-3_137_1.jpg,Lymphocyte,Basophil,0.670286238193512
3019,data/Test-A/Lymphocyte/95-8-22-3_170_1.jpg,Lymphocyte,Basophil,0.8032083511352539
3024,data/Test-A/Lymphocyte/95-8-22-3_183_1.jpg,Lymphocyte,Basophil,0.6471625566482544
3027,data/Test-A/Lymphocyte/95-8-22-3_187_1.jpg,Lymphocyte,Basophil,0.347877562046051
3030,data/Test-A/Lymphocyte/95-8-22-3_201_1.jpg,Lymphocyte,Basophil,0.9999984502792358
3036,data/Test-A/Lymphocyte/95-8-22-3_32_1.jpg,Lymphocyte,Basophil,0.6054306030273438
3053,data/Test-A/Lymphocyte/95-8-22-3_71_1.jpg,Lymphocyte,Basophil,0.814773678779602
3055,data/Test-A/Lymphocyte/95-8-22-3_78_1.jpg,Lymphocyte,Basophil,0.9801070690155029
3064,data/Test-A/Lymphocyte/95-8-22-4_114_1.jpg,Lymphocyte,Basophil,0.998272180557251
3065,data/Test-A/Lymphocyte/95-8-22-4_115_1.jpg,Lymphocyte,Basophil,0.9999837875366211
3081,data/Test-A/Lymphocyte/95-8-22-4_47_1.jpg,Lymphocyte,Basophil,0.9623485207557678
3084,data/Test-A/Lymphocyte/95-8-22-4_62_1.jpg,Lymphocyte,Basophil,0.5847522616386414
3087,data/Test-A/Lymphocyte/95-8-22-4_68_1.jpg,Lymphocyte,Basophil,0.9950583577156067
3088,data/Test-A/Lymphocyte/95-8-22-4_79_1.jpg,Lymphocyte,Basophil,0.7739936113357544
3091,data/Test-A/Lymphocyte/95-8-22-4_89_1.jpg,Lymphocyte,Basophil,0.5109736323356628
3095,data/Test-A/Lymphocyte/95-8-22-5_100_1.jpg,Lymphocyte,Basophil,0.9666723608970642
3097,data/Test-A/Lymphocyte/95-8-22-5_105_2.jpg,Lymphocyte,Monocyte,0.6776180267333984
3118,data/Test-A/Lymphocyte/95-8-22-5_55_2.jpg,Lymphocyte,Eosinophil,0.4452098309993744
3174,data/Test-A/Lymphocyte/95-8-27-1_230_3.jpg,Lymphocyte,Eosinophil,0.831794023513794
3179,data/Test-A/Lymphocyte/95-8-27-1_262_3.jpg,Lymphocyte,Monocyte,0.4611724615097046
3204,data/Test-A/Lymphocyte/95-8-27-1_446_1.jpg,Lymphocyte,Basophil,0.46512651443481445
3207,data/Test-A/Lymphocyte/95-8-27-1_463_1.jpg,Lymphocyte,Monocyte,0.6881929039955139
3211,data/Test-A/Lymphocyte/95-8-27-1_501_2.jpg,Lymphocyte,Basophil,0.5415394902229309
3216,data/Test-A/Lymphocyte/95-8-27-1_86_4.jpg,Lymphocyte,Eosinophil,0.700742244720459
3219,data/Test-A/Lymphocyte/95-8-6-1_102_1.jpg,Lymphocyte,Basophil,0.41544800996780396
3224,data/Test-A/Lymphocyte/95-8-6-1_129_2.jpg,Lymphocyte,Eosinophil,0.8844970464706421
3338,data/Test-A/Lymphocyte/95-8-6-1_644_4.jpg,Lymphocyte,Monocyte,0.46026843786239624
3352,data/Test-A/Lymphocyte/95-8-6-1_718_1.jpg,Lymphocyte,Basophil,0.6997048854827881
3365,data/Test-A/Lymphocyte/95-9-1-1_101_1.jpg,Lymphocyte,Basophil,0.9384608864784241
3377,data/Test-A/Lymphocyte/95-9-1-1_50_1.jpg,Lymphocyte,Basophil,0.8330836296081543
3403,data/Test-A/Lymphocyte/95-9-1-2_12_1.jpg,Lymphocyte,Neutrophil,0.9805619120597839
3415,data/Test-A/Lymphocyte/95-9-1-2_158_1.jpg,Lymphocyte,Neutrophil,0.8308857083320618
3429,data/Test-A/Lymphocyte/95-9-1-2_191_1.jpg,Lymphocyte,Monocyte,0.6059507727622986
3443,data/Test-A/Lymphocyte/95-9-1-2_229_1.jpg,Lymphocyte,Eosinophil,0.9844793677330017
3460,data/Test-A/Lymphocyte/95-9-1-2_266_3.jpg,Lymphocyte,Neutrophil,0.4372325837612152
3474,data/Test-A/Lymphocyte/95-9-1-2_33_1.jpg,Lymphocyte,Monocyte,0.5723349452018738
3484,data/Test-A/Lymphocyte/95-9-1-2_370_1.jpg,Lymphocyte,Neutrophil,0.9743836522102356
3491,data/Test-A/Lymphocyte/95-9-1-2_393_5.jpg,Lymphocyte,Basophil,0.7131108045578003
3506,data/Test-A/Lymphocyte/95-9-1-2_97_1.jpg,Lymphocyte,Monocyte,0.5192168354988098
3510,data/Test-A/Lymphocyte/95-9-1-3_24_1.jpg,Lymphocyte,Monocyte,0.6696612238883972
3520,data/Test-A/Lymphocyte/95-9-3-1_12_1.jpg,Lymphocyte,Eosinophil,0.41752296686172485
3647,data/Test-A/Lymphocyte/95-9-3-4_46_2.jpg,Lymphocyte,Monocyte,0.5801570415496826
3692,data/Test-A/Lymphocyte/95-9-3-5_82_1.jpg,Lymphocyte,Basophil,0.3749361038208008
3694,data/Test-A/Monocyte/95-8-17-1_101_2.jpg,Monocyte,Lymphocyte,0.4533575177192688
3695,data/Test-A/Monocyte/95-8-17-1_116_1.jpg,Monocyte,Eosinophil,0.5492058992385864
3696,data/Test-A/Monocyte/95-8-17-1_125_1.jpg,Monocyte,Lymphocyte,0.6492161750793457
3701,data/Test-A/Monocyte/95-8-17-1_21_1.jpg,Monocyte,Eosinophil,0.5005075335502625
3703,data/Test-A/Monocyte/95-8-17-1_236_2.jpg,Monocyte,Lymphocyte,0.6418800950050354
3706,data/Test-A/Monocyte/95-8-17-1_269_1.jpg,Monocyte,Eosinophil,0.5598725080490112
3707,data/Test-A/Monocyte/95-8-17-1_26_2.jpg,Monocyte,Lymphocyte,0.6892024874687195
3717,data/Test-A/Monocyte/95-8-17-3_114_1.jpg,Monocyte,Basophil,0.6245632171630859
3727,data/Test-A/Monocyte/95-8-17-3_25_2.jpg,Monocyte,Eosinophil,0.6694133877754211
3730,data/Test-A/Monocyte/95-8-17-3_301_1.jpg,Monocyte,Lymphocyte,0.7515152096748352
3739,data/Test-A/Monocyte/95-8-17-3_382_1.jpg,Monocyte,Eosinophil,0.45189154148101807
3750,data/Test-A/Monocyte/95-8-17-4_26_1.jpg,Monocyte,Lymphocyte,0.5193377137184143
3751,data/Test-A/Monocyte/95-8-17-4_27_1.jpg,Monocyte,Basophil,0.5575208067893982
3753,data/Test-A/Monocyte/95-8-22-2_245_1.jpg,Monocyte,Basophil,0.979218065738678
3755,data/Test-A/Monocyte/95-8-22-2_296_1.jpg,Monocyte,Basophil,0.7953037023544312
3756,data/Test-A/Monocyte/95-8-22-2_299_1.jpg,Monocyte,Eosinophil,0.4673595130443573
3761,data/Test-A/Monocyte/95-8-22-3_99_1.jpg,Monocyte,Basophil,0.4767057001590729
3766,data/Test-A/Monocyte/95-8-6-1_107_2.jpg,Monocyte,Eosinophil,0.639002799987793
3767,data/Test-A/Monocyte/95-8-6-1_115_1.jpg,Monocyte,Eosinophil,0.33721092343330383
3768,data/Test-A/Monocyte/95-8-6-1_137_5.jpg,Monocyte,Lymphocyte,0.9912179708480835
3769,data/Test-A/Monocyte/95-8-6-1_150_2.jpg,Monocyte,Lymphocyte,0.8486032485961914
3770,data/Test-A/Monocyte/95-8-6-1_164_3.jpg,Monocyte,Lymphocyte,0.6509307026863098
3772,data/Test-A/Monocyte/95-8-6-1_195_3.jpg,Monocyte,Lymphocyte,0.9432588815689087
3773,data/Test-A/Monocyte/95-8-6-1_217_2.jpg,Monocyte,Lymphocyte,0.9103636741638184
3774,data/Test-A/Monocyte/95-8-6-1_224_2.jpg,Monocyte,Lymphocyte,0.6544501185417175
3775,data/Test-A/Monocyte/95-8-6-1_244_3.jpg,Monocyte,Basophil,0.9645275473594666
3778,data/Test-A/Monocyte/95-8-6-1_311_2.jpg,Monocyte,Lymphocyte,0.8792998790740967
3781,data/Test-A/Monocyte/95-8-6-1_356_3.jpg,Monocyte,Eosinophil,0.7822368741035461
3782,data/Test-A/Monocyte/95-8-6-1_365_1.jpg,Monocyte,Neutrophil,0.6009408831596375
3783,data/Test-A/Monocyte/95-8-6-1_368_1.jpg,Monocyte,Lymphocyte,0.776560366153717
3784,data/Test-A/Monocyte/95-8-6-1_37_3.jpg,Monocyte,Eosinophil,0.6933197975158691
3785,data/Test-A/Monocyte/95-8-6-1_415_3.jpg,Monocyte,Neutrophil,0.7435239553451538
3786,data/Test-A/Monocyte/95-8-6-1_446_1.jpg,Monocyte,Eosinophil,0.8062708377838135
3788,data/Test-A/Monocyte/95-8-6-1_469_1.jpg,Monocyte,Lymphocyte,0.656771719455719
3789,data/Test-A/Monocyte/95-8-6-1_492_4.jpg,Monocyte,Eosinophil,0.4342317581176758
3792,data/Test-A/Monocyte/95-8-6-1_542_1.jpg,Monocyte,Lymphocyte,0.629575788974762
3794,data/Test-A/Monocyte/95-8-6-1_555_1.jpg,Monocyte,Lymphocyte,0.8046740889549255
3795,data/Test-A/Monocyte/95-8-6-1_564_1.jpg,Monocyte,Neutrophil,0.8926151394844055
3797,data/Test-A/Monocyte/95-8-6-1_629_2.jpg,Monocyte,Lymphocyte,0.5843968391418457
3800,data/Test-A/Monocyte/95-8-6-1_656_1.jpg,Monocyte,Lymphocyte,0.4810393750667572
3801,data/Test-A/Monocyte/95-8-6-1_689_1.jpg,Monocyte,Lymphocyte,0.3652399182319641
3802,data/Test-A/Monocyte/95-8-6-1_690_1.jpg,Monocyte,Eosinophil,0.7419078946113586
3803,data/Test-A/Monocyte/95-8-6-1_703_1.jpg,Monocyte,Eosinophil,0.505486011505127
3805,data/Test-A/Monocyte/95-8-6-1_741_1.jpg,Monocyte,Eosinophil,0.520797848701477
3810,data/Test-A/Monocyte/95-9-1-1_16_2.jpg,Monocyte,Basophil,0.9315683245658875
3818,data/Test-A/Monocyte/95-9-1-2_146_2.jpg,Monocyte,Basophil,0.7269763350486755
3820,data/Test-A/Monocyte/95-9-1-2_165_1.jpg,Monocyte,Lymphocyte,0.538404643535614
3822,data/Test-A/Monocyte/95-9-1-2_178_1.jpg,Monocyte,Basophil,0.5652668476104736
3828,data/Test-A/Monocyte/95-9-1-2_207_2.jpg,Monocyte,Lymphocyte,0.5707024335861206
3829,data/Test-A/Monocyte/95-9-1-2_217_1.jpg,Monocyte,Eosinophil,0.8085986971855164
3833,data/Test-A/Monocyte/95-9-1-2_236_1.jpg,Monocyte,Basophil,0.6088674664497375
3836,data/Test-A/Monocyte/95-9-1-2_249_2.jpg,Monocyte,Neutrophil,0.9587665796279907
3847,data/Test-A/Monocyte/95-9-1-2_296_1.jpg,Monocyte,Lymphocyte,0.5790498852729797
3876,data/Test-A/Monocyte/95-9-1-2_52_2.jpg,Monocyte,Basophil,0.9996859431266785
3881,data/Test-A/Monocyte/95-9-1-2_8_3.jpg,Monocyte,Lymphocyte,0.880061686038971
3882,data/Test-A/Monocyte/95-9-1-2_90_2.jpg,Monocyte,Lymphocyte,0.9445323348045349
3883,data/Test-A/Monocyte/95-9-1-2_92_2.jpg,Monocyte,Lymphocyte,0.6280654668807983
3884,data/Test-A/Monocyte/95-9-1-2_93_2.jpg,Monocyte,Lymphocyte,0.3675976097583771
3892,data/Test-A/Monocyte/95-9-3-1_25_3.jpg,Monocyte,Eosinophil,0.6145457029342651
3897,data/Test-A/Monocyte/95-9-3-1_66_2.jpg,Monocyte,Eosinophil,0.8857935070991516
3899,data/Test-A/Monocyte/95-9-3-2_110_1.jpg,Monocyte,Lymphocyte,0.9768566489219666
3900,data/Test-A/Monocyte/95-9-3-2_127_1.jpg,Monocyte,Lymphocyte,0.3910458981990814
3903,data/Test-A/Monocyte/95-9-3-2_16_1.jpg,Monocyte,Lymphocyte,0.8237504959106445
3904,data/Test-A/Monocyte/95-9-3-2_22_1.jpg,Monocyte,Lymphocyte,0.775987982749939
3905,data/Test-A/Monocyte/95-9-3-2_52_2.jpg,Monocyte,Lymphocyte,0.9703814387321472
3910,data/Test-A/Monocyte/95-9-3-3_126_1.jpg,Monocyte,Neutrophil,0.6958798766136169
3912,data/Test-A/Monocyte/95-9-3-3_67_1.jpg,Monocyte,Lymphocyte,0.6745783090591431
3915,data/Test-A/Monocyte/95-9-3-4_10_1.jpg,Monocyte,Eosinophil,0.7505568861961365
3917,data/Test-A/Monocyte/95-9-3-4_136_1.jpg,Monocyte,Eosinophil,0.879978358745575
3976,data/Test-A/Eosinophil/95-8-27-1_159_7.jpg,Eosinophil,Lymphocyte,0.6796826124191284
3990,data/Test-A/Eosinophil/95-8-27-1_16_5.jpg,Eosinophil,Monocyte,0.8747947812080383
4031,data/Test-A/Eosinophil/95-8-27-1_225_8.jpg,Eosinophil,Monocyte,0.5462586879730225
4063,data/Test-A/Eosinophil/95-8-27-1_268_7.jpg,Eosinophil,Lymphocyte,0.49124446511268616
4128,data/Test-A/Eosinophil/95-8-27-1_362_4.jpg,Eosinophil,Basophil,0.921081006526947
4134,data/Test-A/Eosinophil/95-8-27-1_372_4.jpg,Eosinophil,Basophil,0.9565962553024292
4145,data/Test-A/Eosinophil/95-8-27-1_400_4.jpg,Eosinophil,Lymphocyte,0.7256625890731812
4151,data/Test-A/Eosinophil/95-8-27-1_407_3.jpg,Eosinophil,Basophil,0.3538135588169098
4166,data/Test-A/Eosinophil/95-8-27-1_434_1.jpg,Eosinophil,Monocyte,0.43879279494285583
4172,data/Test-A/Eosinophil/95-8-27-1_43_7.jpg,Eosinophil,Neutrophil,0.8013244271278381
4173,data/Test-A/Eosinophil/95-8-27-1_442_2.jpg,Eosinophil,Basophil,0.8298690915107727
4175,data/Test-A/Eosinophil/95-8-27-1_446_2.jpg,Eosinophil,Basophil,0.9818465113639832
4177,data/Test-A/Eosinophil/95-8-27-1_448_2.jpg,Eosinophil,Basophil,0.9727967977523804
4183,data/Test-A/Eosinophil/95-8-27-1_459_5.jpg,Eosinophil,Basophil,0.48271873593330383
4191,data/Test-A/Eosinophil/95-8-27-1_467_4.jpg,Eosinophil,Basophil,0.9088389277458191
4196,data/Test-A/Eosinophil/95-8-27-1_473_2.jpg,Eosinophil,Basophil,0.6407368183135986
4204,data/Test-A/Eosinophil/95-8-27-1_503_3.jpg,Eosinophil,Basophil,0.6973057389259338
4208,data/Test-A/Eosinophil/95-8-27-1_508_3.jpg,Eosinophil,Basophil,0.8358030915260315
4212,data/Test-A/Eosinophil/95-8-27-1_518_2.jpg,Eosinophil,Basophil,0.9858172535896301
4219,data/Test-A/Eosinophil/95-8-27-1_58_4.jpg,Eosinophil,Neutrophil,0.4935170114040375
4220,data/Test-A/Eosinophil/95-8-27-1_58_5.jpg,Eosinophil,Lymphocyte,0.5215953588485718
4234,data/Test-A/Eosinophil/95-8-27-1_80_1.jpg,Eosinophil,Lymphocyte,0.9831249713897705
